Step,Future_Probability,Predicted_Class
1,0.8598382299717545,1
2,0.8598382299717545,1
3,0.8598382299717545,1
4,0.8598382299717545,1
5,0.8598382299717545,1
6,0.8598382299717545,1
7,0.8598382299717545,1
8,0.8598382299717545,1
9,0.8598382299717545,1
10,0.8598382299717545,1
11,0.8598382299717545,1
12,0.8598382299717545,1
13,0.8598382299717545,1
14,0.8598382299717545,1
15,0.8598382299717545,1
16,0.8598382299717545,1
17,0.8598382299717545,1
18,0.8598382299717545,1
19,0.8598382299717545,1
20,0.8598382299717545,1
21,0.8598382299717545,1
22,0.8598382299717545,1
23,0.8598382299717545,1
24,0.8598382299717545,1
25,0.8598382299717545,1
26,0.8598382299717545,1
27,0.8598382299717545,1
28,0.8598382299717545,1
29,0.8598382299717545,1
30,0.8598382299717545,1
