Model,Accuracy,F1,Recall,Precision,ROC-AUC,PR-AUC,MSE,MAE,RMSE,R2
XGBoost,0.5912408759124088,0.6585365853658537,0.675,0.6428571428571429,0.6328947368421052,0.7493457230354383,0.2551713287830353,,0.5051448592067778,-0.05028736591339111
RandomForest,0.583941605839416,0.6815642458100558,0.7625,0.6161616161616161,0.6475877192982457,0.7744735346419084,0.2216199423953776,,0.47076527314084843,0.08781037306604333
GradientBoosting,0.6204379562043796,0.6941176470588235,0.7375,0.6555555555555556,0.6322368421052631,0.7427667480627335,0.23734702638825142,,0.4871827443457449,0.023077557394497572
SVM,0.583941605839416,0.7076923076923077,0.8625,0.6,0.5857456140350877,0.6437634562489742,0.23896908614678936,,0.4888446441833943,0.016401145199761102
MLP,0.5912408759124088,0.654320987654321,0.6625,0.6463414634146342,0.6421052631578948,0.757666368726343,0.25347982165008875,,0.5034677960407088,-0.04332516941897269
LSTM,0.583941605839416,0.6666666666666666,0.7125,0.6263736263736264,0.6339912280701755,0.7491551730320718,0.23482029139995575,,0.48458259502375417,0.033477723598480225
BiLSTM,0.6204379562043796,0.7045454545454546,0.775,0.6458333333333334,0.6317982456140352,0.7428859327788537,0.24169209599494934,,0.4916219034938835,0.005193352699279785
GRU,0.5912408759124088,0.6818181818181818,0.75,0.625,0.6366228070175438,0.7448924722168633,0.237849161028862,,0.48769781733042644,0.021010875701904297
CNN-LSTM,0.5401459854014599,0.6440677966101694,0.7125,0.5876288659793815,0.6160087719298246,0.7407536956588079,0.2393842339515686,,0.4892690813361995,0.014692544937133789
XGBoost-LSTM-Normal,0.5985401459854015,0.6583850931677019,0.6625,0.654320987654321,0.6366228070175438,0.7489784933349015,0.2560950815677643,,0.5060583776282774,-0.05408942699432373
XGBoost-LSTM-Absolute,0.6131386861313869,0.7225130890052356,0.8625,0.6216216216216216,0.605701754385965,0.6976291654683278,0.28010913729667664,,0.529253377218017,-0.15293145179748535
XGBoost-LSTM-Squared,0.6204379562043796,0.7291666666666666,0.875,0.625,0.6256578947368421,0.7285776993383548,0.2752128541469574,,0.524607333295063,-0.13277840614318848
XGBoost-LSTM-Log,0.6131386861313869,0.7336683417085427,0.9125,0.6134453781512605,0.6122807017543859,0.7154277961648898,0.2869243621826172,,0.5356532107461106,-0.1809830665588379
XGBoost-BiLSTM-Normal,0.5912408759124088,0.6626506024096386,0.6875,0.6395348837209303,0.6313596491228071,0.7298855267433049,0.2576219439506531,,0.5075647189774454,-0.06037402153015137
XGBoost-BiLSTM-Absolute,0.635036496350365,0.7340425531914894,0.8625,0.6388888888888888,0.6269736842105263,0.7295545398140406,0.2746603190898895,,0.5240804509709264,-0.13050413131713867
XGBoost-BiLSTM-Squared,0.6131386861313869,0.7225130890052356,0.8625,0.6216216216216216,0.6325657894736842,0.7465341180199199,0.27804476022720337,,0.5272994976549886,-0.14443457126617432
XGBoost-BiLSTM-Log,0.6204379562043796,0.7291666666666666,0.875,0.625,0.6230263157894738,0.7284251237347341,0.27807822823524475,,0.5273312319929901,-0.14457225799560547
XGBoost-GRU-Normal,0.5693430656934306,0.6666666666666666,0.7375,0.6082474226804123,0.612280701754386,0.7144690889862143,0.27356791496276855,,0.5230372022741485,-0.1260077953338623
XGBoost-GRU-Absolute,0.583941605839416,0.6918918918918919,0.8,0.6095238095238096,0.6007675438596491,0.6943510026406072,0.2740458846092224,,0.5234939203173447,-0.12797510623931885
XGBoost-GRU-Squared,0.5620437956204379,0.6938775510204082,0.85,0.5862068965517241,0.5925438596491228,0.7081498817406005,0.2883901000022888,,0.5370196458252611,-0.18701612949371338
XGBoost-GRU-Log,0.6423357664233577,0.743455497382199,0.8875,0.6396396396396397,0.6152412280701753,0.7033858184809142,0.2767575979232788,,0.5260775588478174,-0.13913655281066895
XGBoost-CNN-LSTM-Normal,0.5912408759124088,0.6626506024096386,0.6875,0.6395348837209303,0.6118421052631579,0.7256838589502264,0.26715847849845886,,0.5168737548942284,-0.09962654113769531
XGBoost-CNN-LSTM-Absolute,0.5985401459854015,0.708994708994709,0.8375,0.6146788990825688,0.624671052631579,0.7256119672240176,0.272596150636673,,0.5221074129302063,-0.12200796604156494
XGBoost-CNN-LSTM-Squared,0.583941605839416,0.7135678391959799,0.8875,0.5966386554621849,0.5836622807017543,0.7015297700297857,0.294590562582016,,0.5427619759913327,-0.21253716945648193
XGBoost-CNN-LSTM-Log,0.6058394160583942,0.7272727272727273,0.9,0.6101694915254238,0.6226973684210526,0.7241066893796231,0.2786988317966461,,0.5279193421315855,-0.1471266746520996
RandomForest-LSTM-Normal,0.5912408759124088,0.6818181818181818,0.75,0.625,0.6642543859649123,0.7859515627737661,0.22114994527753062,,0.47026582405861755,0.08974488532588332
RandomForest-LSTM-Absolute,0.583941605839416,0.7373271889400922,1.0,0.583941605839416,0.625,0.7312889449461429,0.28182783673398915,,0.5308745960525793,-0.16000584817110575
RandomForest-LSTM-Squared,0.583941605839416,0.7373271889400922,1.0,0.583941605839416,0.6076754385964913,0.7333725524626012,0.28220858266757237,,0.5312330775352495,-0.161573001773611
RandomForest-LSTM-Log,0.583941605839416,0.7373271889400922,1.0,0.583941605839416,0.593201754385965,0.704307454503017,0.34577730668787804,,0.5880283213314458,-0.42322242746157523
RandomForest-BiLSTM-Normal,0.583941605839416,0.6586826347305389,0.6875,0.632183908045977,0.6578947368421053,0.7748429233160109,0.22602233295471053,,0.4754180612415882,0.06969009490636813
RandomForest-BiLSTM-Absolute,0.583941605839416,0.7373271889400922,1.0,0.583941605839416,0.6638157894736842,0.7715434103924037,0.2987977245221149,,0.5466239333601438,-0.22985405516569624
RandomForest-BiLSTM-Squared,0.583941605839416,0.7373271889400922,1.0,0.583941605839416,0.6339912280701754,0.7518905486356295,0.2926034031555213,,0.5409282791235094,-0.20435817408464474
RandomForest-BiLSTM-Log,0.583941605839416,0.7373271889400922,1.0,0.583941605839416,0.599561403508772,0.6893111380012018,0.31813855458477774,,0.5640377244340823,-0.3094610813600205
RandomForest-GRU-Normal,0.583941605839416,0.6885245901639344,0.7875,0.6116504854368932,0.6506578947368421,0.7728135189387426,0.23545946239703675,,0.48524165360883514,0.030846787339916082
RandomForest-GRU-Absolute,0.583941605839416,0.7373271889400922,1.0,0.583941605839416,0.6368421052631579,0.7193734894653244,0.28615790914067957,,0.5349372945875802,-0.17782846418013487
RandomForest-GRU-Squared,0.583941605839416,0.7373271889400922,1.0,0.583941605839416,0.6019736842105263,0.7221809924882245,0.34220814143243133,,0.5849855907904324,-0.40853171196168936
RandomForest-GRU-Log,0.583941605839416,0.7373271889400922,1.0,0.583941605839416,0.6276315789473684,0.698909333817658,0.30857678095618685,,0.5554968775395474,-0.2701047372295331
RandomForest-CNN-LSTM-Normal,0.5912408759124088,0.6705882352941176,0.7125,0.6333333333333333,0.6684210526315789,0.7937207179599223,0.22108957646824645,,0.4702016338425957,0.0899933638744479
RandomForest-CNN-LSTM-Absolute,0.583941605839416,0.7373271889400922,1.0,0.583941605839416,0.6250000000000001,0.7473707674776929,0.29112538499635726,,0.5395603626994456,-0.19827463837645376
RandomForest-CNN-LSTM-Squared,0.583941605839416,0.7373271889400922,1.0,0.583941605839416,0.668859649122807,0.7736778098423573,0.300208238081152,,0.5479126190198141,-0.2356597413476187
RandomForest-CNN-LSTM-Log,0.583941605839416,0.7373271889400922,1.0,0.583941605839416,0.5899122807017544,0.6752369924371779,0.3118626968117817,,0.55844668215666,-0.2836295957149848
GradientBoosting-LSTM-Normal,0.6058394160583942,0.6823529411764706,0.725,0.6444444444444445,0.6423245614035087,0.7514652122658769,0.24448028101743258,,0.4944494726637218,-0.0062829812316209654
GradientBoosting-LSTM-Absolute,0.5912408759124088,0.7383177570093458,0.9875,0.5895522388059702,0.5933114035087721,0.6890742298786916,0.3043885395742998,,0.551714182864914,-0.2528658989627266
GradientBoosting-LSTM-Squared,0.5985401459854015,0.7441860465116279,1.0,0.5925925925925926,0.5866228070175439,0.7019925106744884,0.32445236777706915,,0.5696072048149226,-0.33544879184381826
GradientBoosting-LSTM-Log,0.5912408759124088,0.7407407407407407,1.0,0.5882352941176471,0.5421052631578948,0.6726266374354921,0.34437630854722406,,0.5868358446339351,-0.41745590682518596
GradientBoosting-BiLSTM-Normal,0.5620437956204379,0.6629213483146067,0.7375,0.6020408163265306,0.6146929824561403,0.7422067764924307,0.25723436080473666,,0.5071827686394094,-0.05877888551405763
GradientBoosting-BiLSTM-Absolute,0.5912408759124088,0.7383177570093458,0.9875,0.5895522388059702,0.5328947368421053,0.6459580317454188,0.32843223972589713,,0.5730900799402282,-0.35182997969635177
GradientBoosting-BiLSTM-Squared,0.583941605839416,0.7348837209302326,0.9875,0.5851851851851851,0.5966008771929825,0.728133492802103,0.3254196132965533,,0.5704556190419665,-0.33942998288662474
GradientBoosting-BiLSTM-Log,0.5912408759124088,0.7407407407407407,1.0,0.5882352941176471,0.5536184210526316,0.6766388112430701,0.3314602182693598,,0.5757258186579439,-0.3642931659424591
GradientBoosting-GRU-Normal,0.5985401459854015,0.6745562130177515,0.7125,0.6404494382022472,0.6239035087719299,0.7276163833777081,0.2504929225123422,,0.5004926797789776,-0.03103106636713826
GradientBoosting-GRU-Absolute,0.583941605839416,0.7373271889400922,1.0,0.583941605839416,0.5606359649122807,0.7137517015716512,0.3476665101637179,,0.5896325212907764,-0.4309984055400924
GradientBoosting-GRU-Squared,0.6058394160583942,0.7452830188679245,0.9875,0.5984848484848485,0.6006578947368422,0.7246404008885585,0.32009258173614025,,0.565767250498065,-0.31750387425561755
GradientBoosting-GRU-Log,0.5912408759124088,0.7407407407407407,1.0,0.5882352941176471,0.5758771929824561,0.6786265521990715,0.3263644543981746,,0.57128316481249,-0.34331895714897787
GradientBoosting-CNN-LSTM-Normal,0.5912408759124088,0.6705882352941176,0.7125,0.6333333333333333,0.6364035087719297,0.7455780633491272,0.24581749493863572,,0.4957998537097764,-0.011786965461239918
GradientBoosting-CNN-LSTM-Absolute,0.5985401459854015,0.7417840375586855,0.9875,0.5939849624060151,0.5875,0.6749256561588574,0.3080283445362312,,0.5550030130875248,-0.2678473681141498
GradientBoosting-CNN-LSTM-Squared,0.5912408759124088,0.7383177570093458,0.9875,0.5895522388059702,0.5903508771929825,0.7097001926214878,0.3248397666249186,,0.5699471612570051,-0.33704332889980204
GradientBoosting-CNN-LSTM-Log,0.5985401459854015,0.7441860465116279,1.0,0.5925925925925926,0.5695175438596491,0.6890879798995311,0.33262459492773344,,0.5767361571184292,-0.3690857504821554
SVM-LSTM-Normal,0.5985401459854015,0.6820809248554913,0.7375,0.6344086021505376,0.612280701754386,0.7263134060960947,0.24118833124482683,,0.4911092864575326,0.007266712909176576
SVM-LSTM-Absolute,0.583941605839416,0.7373271889400922,1.0,0.583941605839416,0.45942982456140347,0.6646915472865869,0.394720621946717,,0.6282679539390156,-0.6246735423942831
SVM-LSTM-Squared,0.583941605839416,0.7373271889400922,1.0,0.583941605839416,0.42500000000000004,0.6479708396192208,0.40054595514076907,,0.6328870002937089,-0.6486506649204153
SVM-LSTM-Log,0.583941605839416,0.7373271889400922,1.0,0.583941605839416,0.4552631578947368,0.7540983187225515,0.4150854079760957,,0.6442712223715225,-0.70849518032968
SVM-BiLSTM-Normal,0.583941605839416,0.6415094339622641,0.6375,0.6455696202531646,0.644517543859649,0.7327672550526039,0.23727474133983098,,0.48710855190586727,0.02337508328787552
SVM-BiLSTM-Absolute,0.583941605839416,0.7373271889400922,1.0,0.583941605839416,0.487280701754386,0.6794985595752008,0.3942729301273886,,0.6279115623456767,-0.6228308389388064
SVM-BiLSTM-Squared,0.583941605839416,0.7373271889400922,1.0,0.583941605839416,0.4291666666666667,0.6401286812319313,0.3937388359658155,,0.6274861241221319,-0.6206325026847348
SVM-BiLSTM-Log,0.583941605839416,0.7373271889400922,1.0,0.583941605839416,0.49780701754385964,0.7443621565024351,0.4091935282269571,,0.6396823651054929,-0.6842441515990698
SVM-GRU-Normal,0.5985401459854015,0.6961325966850829,0.7875,0.6237623762376238,0.6140350877192982,0.7391498108134826,0.24936760343926323,,0.49936720300722914,-0.0263992431911253
SVM-GRU-Absolute,0.583941605839416,0.7373271889400922,1.0,0.583941605839416,0.5699561403508773,0.7500532265027586,0.40139053700875416,,0.6335538943205654,-0.6521269712976552
SVM-GRU-Squared,0.583941605839416,0.7373271889400922,1.0,0.583941605839416,0.5197368421052632,0.6748606949245257,0.37003231901101136,,0.6083028185131245,-0.5230562709468578
SVM-GRU-Log,0.583941605839416,0.7373271889400922,1.0,0.583941605839416,0.4799342105263158,0.7631821096384153,0.4138709841690922,,0.6433280533049155,-0.703496601287213
SVM-CNN-LSTM-Normal,0.6058394160583942,0.6823529411764706,0.725,0.6444444444444445,0.6547149122807017,0.7374742676902231,0.23774352887778138,,0.4875895085805081,0.021445549669500297
SVM-CNN-LSTM-Absolute,0.583941605839416,0.7373271889400922,1.0,0.583941605839416,0.5081140350877192,0.7250680978960509,0.4033724448250105,,0.6351160876761118,-0.6602845212545223
SVM-CNN-LSTM-Squared,0.583941605839416,0.7373271889400922,1.0,0.583941605839416,0.5004385964912281,0.740379757240971,0.4087029219986827,,0.6392987736564827,-0.6822248120599288
SVM-CNN-LSTM-Log,0.583941605839416,0.7373271889400922,1.0,0.583941605839416,0.4743421052631579,0.7264467596004901,0.4092329590901773,,0.6397131850213635,-0.6844064493779689
MLP-LSTM-Normal,0.5985401459854015,0.6666666666666666,0.6875,0.6470588235294118,0.6451754385964912,0.7357887655164909,0.2531878492463027,,0.5031777511439697,-0.042123408443828
MLP-LSTM-Absolute,0.6058394160583942,0.7326732673267327,0.925,0.6065573770491803,0.5717105263157894,0.640860260848631,0.29150350908072453,,0.5399106491640302,-0.19983100042458735
MLP-LSTM-Squared,0.5766423357664233,0.7238095238095238,0.95,0.5846153846153846,0.593092105263158,0.7267674885412325,0.3148658947279075,,0.561129124825924,-0.2959907846815999
MLP-LSTM-Log,0.5766423357664233,0.7264150943396226,0.9625,0.5833333333333334,0.6024122807017545,0.7338570876229734,0.3145431869870861,,0.5608414989879815,-0.29466251678960953
MLP-BiLSTM-Normal,0.5985401459854015,0.6706586826347305,0.7,0.6436781609195402,0.6618421052631579,0.7675270207422641,0.24747349758648507,,0.4974670819124468,-0.018603086886126885
MLP-BiLSTM-Absolute,0.5985401459854015,0.7317073170731707,0.9375,0.6,0.5614035087719299,0.6983439563649333,0.3138299946856369,,0.5602053147602555,-0.2917270110207715
MLP-BiLSTM-Squared,0.583941605839416,0.7246376811594203,0.9375,0.5905511811023622,0.5939692982456141,0.7240335194071652,0.30760393107310674,,0.5546205288962055,-0.2661004785770045
MLP-BiLSTM-Log,0.583941605839416,0.7246376811594203,0.9375,0.5905511811023622,0.606140350877193,0.7192075265997697,0.3082210215862447,,0.5551765679369445,-0.2686404285421551
MLP-GRU-Normal,0.5912408759124088,0.6585365853658537,0.675,0.6428571428571429,0.6508771929824563,0.7649027666902726,0.25139148907072767,,0.50138955819874,-0.034729574203615776
MLP-GRU-Absolute,0.583941605839416,0.7192118226600985,0.9125,0.5934959349593496,0.5737938596491229,0.6634151403107915,0.2934809064711381,,0.5417387806601426,-0.20796998542912082
MLP-GRU-Squared,0.583941605839416,0.7323943661971831,0.975,0.5864661654135338,0.5975877192982457,0.738089609681025,0.3260514415950478,,0.5710091431799037,-0.3420305937055814
MLP-GRU-Log,0.583941605839416,0.7219512195121951,0.925,0.592,0.6060307017543859,0.7363823680815982,0.3105853259080746,,0.5573018265788069,-0.27837192587031856
MLP-CNN-LSTM-Normal,0.6204379562043796,0.6867469879518072,0.7125,0.6627906976744186,0.6429824561403509,0.750948080313314,0.25337973517595286,,0.5033683891306175,-0.042913212613477913
MLP-CNN-LSTM-Absolute,0.5912408759124088,0.7254901960784313,0.925,0.5967741935483871,0.580043859649123,0.6939693004272494,0.3037435244847531,,0.5511293173881726,-0.2502110111961253
MLP-CNN-LSTM-Squared,0.5912408759124088,0.7358490566037735,0.975,0.5909090909090909,0.5941885964912281,0.7301180524985126,0.3186022956102712,,0.5644486651682961,-0.31136984348885544
MLP-CNN-LSTM-Log,0.583941605839416,0.7246376811594203,0.9375,0.5905511811023622,0.5938596491228071,0.7126717054082892,0.30524686230856035,,0.5524915042863197,-0.25639876286608976
Ensemble,0.5912408759124088,0.7383177570093458,0.9875,0.5895522388059702,0.6383771929824562,0.7578359252047016,0.26715080775344574,,0.5168663345135237,-0.09959506814132069
